{"stat.walkOneCm":15150,"stat.useItem.minecraft.torch":7,"achievement.openInventory":16,"stat.leaveGame":3,"stat.damageTaken":220,"stat.flyOneCm":79476,"stat.deaths":1,"stat.jump":76,"stat.swimOneCm":741,"stat.playOneMinute":19247,"stat.fallOneCm":1097,"stat.entityKilledBy.Zombie":1,"stat.crouchOneCm":525,"stat.timeSinceDeath":8173,"stat.useItem.minecraft.dirt":2,"stat.sprintOneCm":10495,"stat.useItem.minecraft.spawn_egg":6,"achievement.exploreAllBiomes":{"value":0,"progress":["Roofed Forest","Plains"]},"stat.mineBlock.minecraft.tallgrass":1,"stat.diveOneCm":634}