{"stat.walkOneCm":219549,"stat.useItem.minecraft.torch":66,"stat.playerKills":1,"stat.useItem.minecraft.stone":13,"stat.leaveGame":11,"stat.craftItem.minecraft.cooked_porkchop":3,"stat.useItem.minecraft.cobblestone":17,"stat.craftItem.minecraft.crafting_table":2,"stat.furnaceInteraction":44,"stat.useItem.minecraft.gravel":7,"stat.useItem.minecraft.cooked_porkchop":3,"stat.mineBlock.minecraft.coal_ore":110,"stat.breakItem.minecraft.stone_pickaxe":1,"stat.craftItem.minecraft.boat":1,"stat.mineBlock.minecraft.brown_mushroom":3,"stat.killEntity.Creeper":2,"stat.craftItem.minecraft.coal":6,"stat.useItem.minecraft.rotten_flesh":1,"stat.jump":1031,"stat.swimOneCm":5264,"stat.fallOneCm":25265,"stat.useItem.minecraft.cooked_mutton":2,"achievement.buildWorkBench":4,"stat.crouchOneCm":38832,"achievement.buildSword":2,"achievement.mineWood":36,"stat.craftItem.minecraft.torch":212,"stat.craftItem.minecraft.iron_ingot":43,"stat.useItem.minecraft.dirt":2,"stat.sprintOneCm":99072,"stat.entityKilledBy.Enderman":1,"achievement.exploreAllBiomes":{"value":0,"progress":["Roofed Forest","Plains","Swampland"]},"stat.craftItem.minecraft.stick":64,"stat.craftItem.minecraft.wooden_axe":1,"stat.mineBlock.minecraft.red_mushroom":1,"stat.craftingTableInteraction":13,"stat.killEntity.Skeleton":5,"stat.craftItem.minecraft.furnace":5,"stat.mineBlock.minecraft.lapis_ore":12,"achievement.openInventory":84,"stat.craftItem.minecraft.planks":96,"stat.useItem.minecraft.iron_sword":37,"stat.mineBlock.minecraft.leaves2":1,"stat.mineBlock.minecraft.log2":36,"stat.damageTaken":2090,"stat.mineBlock.minecraft.crafting_table":3,"stat.killEntity.Spider":1,"stat.craftItem.minecraft.stone_pickaxe":2,"stat.mineBlock.minecraft.furnace":1,"stat.mineBlock.minecraft.torch":2,"stat.useItem.minecraft.wooden_pickaxe":6,"stat.useItem.minecraft.furnace":6,"stat.killEntity.Enderman":1,"stat.mobKills":15,"stat.entityKilledBy.Creeper":1,"achievement.killEnemy":10,"achievement.buildFurnace":7,"stat.flyOneCm":221893,"stat.deaths":8,"achievement.acquireIron":24,"stat.drop":8,"achievement.buildPickaxe":8,"stat.playOneMinute":70460,"stat.entityKilledBy.Zombie":4,"stat.mineBlock.minecraft.gravel":8,"stat.useItem.minecraft.stone_pickaxe":210,"stat.mineBlock.minecraft.redstone_ore":41,"stat.craftItem.minecraft.iron_pickaxe":1,"stat.damageDealt":4465,"achievement.buildBetterPickaxe":6,"stat.mineBlock.minecraft.iron_ore":75,"stat.killEntity.Zombie":4,"stat.timeSinceDeath":1398,"stat.useItem.minecraft.wooden_axe":42,"stat.useItem.minecraft.crafting_table":5,"stat.useItem.minecraft.iron_pickaxe":235,"stat.useItem.minecraft.spawn_egg":6,"stat.craftItem.minecraft.wooden_pickaxe":1,"stat.killEntity.Pig":2,"stat.mineBlock.minecraft.stone":180,"stat.mineBlock.minecraft.gold_ore":29,"stat.mineBlock.minecraft.tallgrass":55,"stat.craftItem.minecraft.cooked_mutton":2,"stat.diveOneCm":1021,"stat.craftItem.minecraft.iron_sword":1}