{"stat.walkOneCm":131089,"stat.useItem.minecraft.torch":35,"stat.playerKills":1,"stat.useItem.minecraft.stone":4,"stat.leaveGame":10,"stat.craftItem.minecraft.cooked_porkchop":3,"stat.craftItem.minecraft.crafting_table":1,"stat.furnaceInteraction":44,"stat.useItem.minecraft.cooked_porkchop":3,"stat.mineBlock.minecraft.coal_ore":64,"stat.breakItem.minecraft.stone_pickaxe":1,"stat.craftItem.minecraft.coal":6,"stat.useItem.minecraft.rotten_flesh":1,"stat.jump":595,"stat.swimOneCm":2789,"stat.fallOneCm":13571,"achievement.buildWorkBench":2,"stat.crouchOneCm":23710,"achievement.buildSword":2,"achievement.mineWood":36,"stat.craftItem.minecraft.torch":32,"stat.craftItem.minecraft.iron_ingot":43,"stat.useItem.minecraft.dirt":2,"stat.sprintOneCm":51898,"achievement.exploreAllBiomes":{"value":0,"progress":["Roofed Forest","Plains","Swampland"]},"stat.craftItem.minecraft.stick":24,"stat.craftItem.minecraft.wooden_axe":1,"stat.craftingTableInteraction":12,"stat.killEntity.Skeleton":2,"stat.craftItem.minecraft.furnace":5,"stat.mineBlock.minecraft.lapis_ore":4,"achievement.openInventory":66,"stat.craftItem.minecraft.planks":48,"stat.useItem.minecraft.iron_sword":7,"stat.mineBlock.minecraft.leaves2":1,"stat.mineBlock.minecraft.log2":36,"stat.damageTaken":1335,"stat.mineBlock.minecraft.crafting_table":3,"stat.craftItem.minecraft.stone_pickaxe":2,"stat.mineBlock.minecraft.furnace":1,"stat.mineBlock.minecraft.torch":1,"stat.useItem.minecraft.wooden_pickaxe":6,"stat.useItem.minecraft.furnace":6,"stat.mobKills":7,"achievement.killEnemy":2,"achievement.buildFurnace":7,"stat.flyOneCm":153908,"stat.deaths":6,"achievement.acquireIron":24,"stat.drop":6,"achievement.buildPickaxe":8,"stat.playOneMinute":55224,"stat.entityKilledBy.Zombie":4,"stat.mineBlock.minecraft.gravel":8,"stat.useItem.minecraft.stone_pickaxe":210,"stat.mineBlock.minecraft.redstone_ore":8,"stat.craftItem.minecraft.iron_pickaxe":1,"stat.damageDealt":2025,"achievement.buildBetterPickaxe":6,"stat.mineBlock.minecraft.iron_ore":27,"stat.killEntity.Zombie":3,"stat.timeSinceDeath":22284,"stat.useItem.minecraft.wooden_axe":42,"stat.useItem.minecraft.crafting_table":4,"stat.useItem.minecraft.iron_pickaxe":38,"stat.useItem.minecraft.spawn_egg":6,"stat.craftItem.minecraft.wooden_pickaxe":1,"stat.killEntity.Pig":2,"stat.mineBlock.minecraft.stone":131,"stat.mineBlock.minecraft.gold_ore":16,"stat.mineBlock.minecraft.tallgrass":38,"stat.craftItem.minecraft.cooked_mutton":2,"stat.diveOneCm":1021,"stat.craftItem.minecraft.iron_sword":1}