{"stat.walkOneCm":81574,"stat.useItem.minecraft.torch":12,"stat.playerKills":1,"stat.useItem.minecraft.stone":4,"stat.leaveGame":10,"stat.craftItem.minecraft.cooked_porkchop":2,"stat.craftItem.minecraft.crafting_table":1,"stat.furnaceInteraction":8,"stat.useItem.minecraft.cooked_porkchop":2,"stat.breakItem.minecraft.stone_pickaxe":1,"stat.craftItem.minecraft.coal":6,"stat.useItem.minecraft.rotten_flesh":1,"stat.jump":486,"stat.swimOneCm":2789,"stat.fallOneCm":10939,"achievement.buildWorkBench":2,"stat.crouchOneCm":10473,"achievement.mineWood":12,"stat.craftItem.minecraft.torch":8,"stat.useItem.minecraft.dirt":2,"stat.sprintOneCm":35690,"achievement.exploreAllBiomes":{"value":0,"progress":["Roofed Forest","Plains"]},"stat.craftItem.minecraft.stick":8,"stat.craftItem.minecraft.wooden_axe":1,"stat.craftingTableInteraction":5,"stat.craftItem.minecraft.furnace":1,"achievement.openInventory":42,"stat.craftItem.minecraft.planks":24,"stat.mineBlock.minecraft.leaves2":1,"stat.mineBlock.minecraft.log2":12,"stat.damageTaken":1190,"stat.mineBlock.minecraft.crafting_table":1,"stat.craftItem.minecraft.stone_pickaxe":1,"stat.useItem.minecraft.wooden_pickaxe":5,"stat.useItem.minecraft.furnace":1,"stat.mobKills":4,"achievement.buildFurnace":2,"stat.flyOneCm":140673,"stat.deaths":6,"stat.drop":4,"achievement.buildPickaxe":4,"stat.playOneMinute":43524,"stat.entityKilledBy.Zombie":4,"stat.mineBlock.minecraft.gravel":8,"stat.useItem.minecraft.stone_pickaxe":132,"stat.damageDealt":1155,"achievement.buildBetterPickaxe":2,"stat.mineBlock.minecraft.iron_ore":7,"stat.killEntity.Zombie":3,"stat.timeSinceDeath":10584,"stat.useItem.minecraft.wooden_axe":9,"stat.useItem.minecraft.crafting_table":2,"stat.useItem.minecraft.spawn_egg":6,"stat.craftItem.minecraft.wooden_pickaxe":1,"stat.killEntity.Pig":1,"stat.mineBlock.minecraft.stone":127,"stat.mineBlock.minecraft.tallgrass":36,"stat.diveOneCm":1021}