{"stat.walkOneCm":40560,"stat.useItem.minecraft.torch":4,"achievement.openInventory":6,"stat.craftItem.minecraft.planks":16,"stat.useItem.minecraft.stone":1,"stat.leaveGame":1,"stat.mineBlock.minecraft.log2":4,"stat.craftItem.minecraft.cooked_porkchop":3,"stat.damageTaken":290,"stat.craftItem.minecraft.crafting_table":1,"stat.furnaceInteraction":8,"stat.craftItem.minecraft.stone_pickaxe":1,"stat.mineBlock.minecraft.torch":2,"stat.useItem.minecraft.wooden_pickaxe":29,"stat.useItem.minecraft.cooked_porkchop":2,"stat.mobKills":3,"stat.mineBlock.minecraft.log":1,"stat.craftItem.minecraft.coal":1,"stat.craftItem.minecraft.stone_sword":1,"stat.flyOneCm":22004,"stat.deaths":1,"stat.drop":1,"stat.jump":175,"stat.playOneMinute":11895,"stat.fallOneCm":4870,"stat.mineBlock.minecraft.gravel":11,"stat.useItem.minecraft.stone_pickaxe":118,"stat.killEntity.Sheep":1,"stat.useItem.minecraft.stone_sword":8,"stat.damageDealt":670,"stat.crouchOneCm":5647,"stat.mineBlock.minecraft.iron_ore":1,"stat.timeSinceDeath":11546,"achievement.mineWood":2,"stat.craftItem.minecraft.torch":4,"stat.sprintOneCm":15804,"stat.mineBlock.minecraft.dirt":21,"stat.useItem.minecraft.crafting_table":1,"stat.craftItem.minecraft.wooden_pickaxe":1,"stat.mineBlock.minecraft.stone":116,"stat.killEntity.Pig":2,"achievement.exploreAllBiomes":{"value":0,"progress":["Birch Forest","Roofed Forest","Plains"]},"stat.mineBlock.minecraft.tallgrass":8,"stat.craftItem.minecraft.stick":12,"stat.craftingTableInteraction":5}