{"stat.walkOneCm":170520,"stat.useItem.minecraft.torch":40,"stat.useItem.minecraft.stone":4,"stat.leaveGame":2,"stat.craftItem.minecraft.cooked_porkchop":4,"stat.mineBlock.minecraft.cobblestone":4,"stat.useItem.minecraft.cobblestone":41,"stat.craftItem.minecraft.crafting_table":1,"stat.furnaceInteraction":35,"stat.useItem.minecraft.cooked_porkchop":4,"stat.mineBlock.minecraft.coal_ore":63,"stat.breakItem.minecraft.stone_pickaxe":1,"stat.mineBlock.minecraft.brown_mushroom":2,"stat.killEntity.Creeper":1,"stat.craftItem.minecraft.coal":1,"stat.useItem.minecraft.rotten_flesh":4,"stat.jump":524,"stat.swimOneCm":4882,"stat.fallOneCm":8362,"stat.craftItem.minecraft.iron_chestplate":1,"stat.crouchOneCm":20343,"achievement.mineWood":3,"stat.craftItem.minecraft.torch":28,"stat.craftItem.minecraft.iron_ingot":18,"stat.sprintOneCm":78433,"achievement.exploreAllBiomes":{"value":0,"progress":["Birch Forest","Roofed Forest","Plains","Swampland"]},"stat.craftItem.minecraft.stick":20,"stat.mineBlock.minecraft.red_mushroom":1,"stat.useItem.minecraft.water_bucket":20,"stat.craftingTableInteraction":15,"stat.killEntity.Skeleton":2,"stat.craftItem.minecraft.furnace":1,"stat.craftItem.minecraft.bucket":1,"achievement.openInventory":37,"stat.craftItem.minecraft.planks":40,"stat.mineBlock.minecraft.diamond_ore":18,"stat.craftItem.minecraft.iron_boots":1,"stat.mineBlock.minecraft.log2":4,"stat.damageTaken":441,"stat.mineBlock.minecraft.crafting_table":2,"stat.killEntity.Spider":1,"stat.craftItem.minecraft.stone_pickaxe":4,"stat.mineBlock.minecraft.torch":11,"stat.mineBlock.minecraft.furnace":6,"stat.useItem.minecraft.wooden_pickaxe":49,"stat.useItem.minecraft.furnace":3,"stat.mobKills":13,"stat.mineBlock.minecraft.log":1,"stat.useItem.minecraft.bucket":21,"stat.craftItem.minecraft.stone_sword":1,"stat.flyOneCm":54497,"stat.deaths":1,"stat.drop":1,"stat.playOneMinute":41171,"stat.mineBlock.minecraft.gravel":11,"stat.useItem.minecraft.stone_pickaxe":235,"stat.killEntity.Sheep":1,"stat.mineBlock.minecraft.redstone_ore":17,"stat.useItem.minecraft.stone_sword":42,"stat.craftItem.minecraft.iron_pickaxe":1,"stat.damageDealt":3200,"stat.mineBlock.minecraft.iron_ore":32,"stat.killEntity.Zombie":6,"stat.timeSinceDeath":40822,"stat.mineBlock.minecraft.dirt":21,"stat.useItem.minecraft.crafting_table":2,"stat.useItem.minecraft.iron_pickaxe":168,"stat.craftItem.minecraft.wooden_pickaxe":1,"stat.mineBlock.minecraft.stone":263,"stat.killEntity.Pig":2,"stat.mineBlock.minecraft.gold_ore":13,"stat.mineBlock.minecraft.tallgrass":8,"stat.diveOneCm":341}