{"stat.walkOneCm":93323,"stat.useItem.minecraft.torch":18,"stat.useItem.minecraft.stone":4,"stat.leaveGame":1,"stat.craftItem.minecraft.cooked_porkchop":3,"stat.mineBlock.minecraft.cobblestone":1,"stat.useItem.minecraft.cobblestone":11,"stat.craftItem.minecraft.crafting_table":1,"stat.furnaceInteraction":20,"stat.useItem.minecraft.cooked_porkchop":2,"stat.mineBlock.minecraft.coal_ore":25,"stat.breakItem.minecraft.stone_pickaxe":1,"stat.craftItem.minecraft.coal":1,"stat.jump":280,"stat.fallOneCm":6107,"stat.crouchOneCm":10705,"achievement.mineWood":3,"stat.craftItem.minecraft.torch":20,"stat.craftItem.minecraft.iron_ingot":8,"stat.sprintOneCm":37429,"achievement.exploreAllBiomes":{"value":0,"progress":["Birch Forest","Roofed Forest","Plains","Swampland"]},"stat.craftItem.minecraft.stick":20,"stat.mineBlock.minecraft.red_mushroom":1,"stat.craftingTableInteraction":10,"stat.craftItem.minecraft.furnace":1,"achievement.openInventory":20,"stat.craftItem.minecraft.planks":40,"stat.mineBlock.minecraft.log2":4,"stat.damageTaken":360,"stat.craftItem.minecraft.stone_pickaxe":4,"stat.mineBlock.minecraft.torch":3,"stat.useItem.minecraft.wooden_pickaxe":49,"stat.useItem.minecraft.furnace":1,"stat.mobKills":9,"stat.mineBlock.minecraft.log":1,"stat.craftItem.minecraft.stone_sword":1,"stat.flyOneCm":29618,"stat.deaths":1,"stat.drop":1,"stat.playOneMinute":23463,"stat.mineBlock.minecraft.gravel":11,"stat.useItem.minecraft.stone_pickaxe":188,"stat.killEntity.Sheep":1,"stat.useItem.minecraft.stone_sword":30,"stat.craftItem.minecraft.iron_pickaxe":1,"stat.damageDealt":2290,"stat.mineBlock.minecraft.iron_ore":25,"stat.killEntity.Zombie":6,"stat.timeSinceDeath":23114,"stat.mineBlock.minecraft.dirt":21,"stat.useItem.minecraft.crafting_table":1,"stat.useItem.minecraft.iron_pickaxe":9,"stat.craftItem.minecraft.wooden_pickaxe":1,"stat.mineBlock.minecraft.stone":161,"stat.killEntity.Pig":2,"stat.mineBlock.minecraft.gold_ore":4,"stat.mineBlock.minecraft.tallgrass":8}