{"stat.walkOneCm":132238,"stat.useItem.minecraft.torch":23,"stat.useItem.minecraft.stone":4,"stat.leaveGame":1,"stat.craftItem.minecraft.cooked_porkchop":4,"stat.mineBlock.minecraft.cobblestone":3,"stat.useItem.minecraft.cobblestone":27,"stat.craftItem.minecraft.crafting_table":1,"stat.furnaceInteraction":35,"stat.useItem.minecraft.cooked_porkchop":3,"stat.mineBlock.minecraft.coal_ore":46,"stat.breakItem.minecraft.stone_pickaxe":1,"stat.mineBlock.minecraft.brown_mushroom":2,"stat.craftItem.minecraft.coal":1,"stat.useItem.minecraft.rotten_flesh":4,"stat.jump":423,"stat.swimOneCm":1268,"stat.fallOneCm":7555,"stat.craftItem.minecraft.iron_chestplate":1,"stat.crouchOneCm":16982,"achievement.mineWood":3,"stat.craftItem.minecraft.torch":20,"stat.craftItem.minecraft.iron_ingot":18,"stat.sprintOneCm":55747,"achievement.exploreAllBiomes":{"value":0,"progress":["Birch Forest","Roofed Forest","Plains","Swampland"]},"stat.craftItem.minecraft.stick":20,"stat.mineBlock.minecraft.red_mushroom":1,"stat.craftingTableInteraction":15,"stat.killEntity.Skeleton":1,"stat.craftItem.minecraft.furnace":1,"stat.craftItem.minecraft.bucket":1,"achievement.openInventory":35,"stat.craftItem.minecraft.planks":40,"stat.mineBlock.minecraft.diamond_ore":8,"stat.craftItem.minecraft.iron_boots":1,"stat.mineBlock.minecraft.log2":4,"stat.damageTaken":420,"stat.mineBlock.minecraft.crafting_table":2,"stat.killEntity.Spider":1,"stat.craftItem.minecraft.stone_pickaxe":4,"stat.mineBlock.minecraft.torch":3,"stat.mineBlock.minecraft.furnace":6,"stat.useItem.minecraft.wooden_pickaxe":49,"stat.useItem.minecraft.furnace":3,"stat.mobKills":11,"stat.mineBlock.minecraft.log":1,"stat.useItem.minecraft.bucket":1,"stat.craftItem.minecraft.stone_sword":1,"stat.flyOneCm":41862,"stat.deaths":1,"stat.drop":1,"stat.playOneMinute":36058,"stat.mineBlock.minecraft.gravel":11,"stat.useItem.minecraft.stone_pickaxe":234,"stat.killEntity.Sheep":1,"stat.mineBlock.minecraft.redstone_ore":15,"stat.useItem.minecraft.stone_sword":36,"stat.craftItem.minecraft.iron_pickaxe":1,"stat.damageDealt":2690,"stat.mineBlock.minecraft.iron_ore":32,"stat.killEntity.Zombie":6,"stat.timeSinceDeath":35709,"stat.mineBlock.minecraft.dirt":21,"stat.useItem.minecraft.crafting_table":2,"stat.useItem.minecraft.iron_pickaxe":111,"stat.craftItem.minecraft.wooden_pickaxe":1,"stat.mineBlock.minecraft.stone":243,"stat.killEntity.Pig":2,"stat.mineBlock.minecraft.gold_ore":9,"stat.mineBlock.minecraft.tallgrass":8}